<?xml version="1.0" encoding="UTF-8" standalone="no"?>
<Canvas xmlns="http://www.jgrasp.org">
  <Language>Java</Language>
  <ShowTypes>false</ShowTypes>
  <Version>2</Version>
  <Grid>
    <Snap>true</Snap>
    <Show>false</Show>
  </Grid>
  <Scope id="0">
    <Name>main</Name>
    <Signature>([Ljava/lang/String;)V</Signature>
    <DeclaringType>ClassRoll</DeclaringType>
    <Depth>0</Depth>
  </Scope>
  <Frame>
    <Bounds>
      <AutoSize>true</AutoSize>
      <X>140</X>
      <Y>100</Y>
      <W>210</W>
      <H>137</H>
    </Bounds>
    <Viewer>
      <ScopeID>0</ScopeID>
      <Expression>`local java.util.List` roll</Expression>
      <ViewerClass>java__util__Collection_ToStringView</ViewerClass>
    </Viewer>
  </Frame>
  <Size>
    <W>533</W>
    <H>437</H>
  </Size>
  <ESize>
    <W>533</W>
    <H>437</H>
  </ESize>
</Canvas>
