<?xml version="1.0" encoding="UTF-8" standalone="no"?>
<Canvas xmlns="http://www.jgrasp.org">
  <Language>Java</Language>
  <ShowTypes>false</ShowTypes>
  <Version>2</Version>
  <Grid>
    <Snap>true</Snap>
    <Show>false</Show>
  </Grid>
  <Scope id="1">
    <Name>main</Name>
    <Signature>([Ljava/lang/String;)V</Signature>
    <DeclaringType>IteratorExample</DeclaringType>
    <Depth>0</Depth>
  </Scope>
  <Scope id="0">
    <Name>toString</Name>
    <Signature>(Ljava/util/Collection;)Ljava/lang/String;</Signature>
    <DeclaringType>IteratorExample</DeclaringType>
    <Depth>1</Depth>
  </Scope>
  <Frame>
    <Bounds>
      <AutoSize>true</AutoSize>
      <X>60</X>
      <Y>60</Y>
      <W>303</W>
      <H>137</H>
    </Bounds>
    <Viewer>
      <ScopeID>0</ScopeID>
      <Expression>`local java.util.Iterator` itr</Expression>
      <ViewerClass>_X_ElementView</ViewerClass>
    </Viewer>
  </Frame>
  <Frame>
    <Bounds>
      <AutoSize>true</AutoSize>
      <X>150</X>
      <Y>430</Y>
      <W>348</W>
      <H>353</H>
    </Bounds>
    <Viewer>
      <ScopeID>1</ScopeID>
      <Expression>((java.util.TreeSet) `local java.util.Collection` tset).m</Expression>
      <ViewerClass>java__lang__Object_LinkedView</ViewerClass>
    </Viewer>
  </Frame>
  <Frame>
    <Bounds>
      <AutoSize>true</AutoSize>
      <X>480</X>
      <Y>60</Y>
      <W>327</W>
      <H>43</H>
    </Bounds>
    <Viewer>
      <ScopeID>0</ScopeID>
      <Expression>`local java.lang.StringBuilder` sb</Expression>
      <ViewerClass>java__lang__StringBuilder_FormattedView</ViewerClass>
    </Viewer>
  </Frame>
  <Frame>
    <Bounds>
      <AutoSize>true</AutoSize>
      <X>610</X>
      <Y>430</Y>
      <W>404</W>
      <H>161</H>
    </Bounds>
    <Viewer>
      <ScopeID>1</ScopeID>
      <Expression>`local java.util.Collection` llist</Expression>
      <ViewerClass>java__lang__Object_LinkedView</ViewerClass>
    </Viewer>
  </Frame>
  <Frame>
    <Bounds>
      <AutoSize>true</AutoSize>
      <X>600</X>
      <Y>220</Y>
      <W>535</W>
      <H>147</H>
    </Bounds>
    <Viewer>
      <ScopeID>1</ScopeID>
      <Expression>`local java.util.Collection` vec</Expression>
      <ViewerClass>java__lang__Object_LinkedView</ViewerClass>
    </Viewer>
  </Frame>
  <Frame>
    <Bounds>
      <AutoSize>true</AutoSize>
      <X>60</X>
      <Y>220</Y>
      <W>535</W>
      <H>147</H>
    </Bounds>
    <Viewer>
      <ScopeID>1</ScopeID>
      <Expression>`local java.util.Collection` alist</Expression>
      <ViewerClass>java__lang__Object_LinkedView</ViewerClass>
    </Viewer>
  </Frame>
  <Size>
    <W>1131</W>
    <H>798</H>
  </Size>
  <ESize>
    <W>1131</W>
    <H>798</H>
  </ESize>
</Canvas>
